payment_id,order_id,metodo_pago,cuotas
1,1,PayPal,1
2,2,OXXO,1
3,3,Tarjeta,1
4,4,Transferencia,1
5,5,Tarjeta,6
6,6,Tarjeta,6
7,7,Tarjeta,1
8,8,Tarjeta,1
9,9,Transferencia,1
10,10,PayPal,3
11,11,PayPal,1
12,12,Tarjeta,1
13,13,PayPal,6
14,14,Tarjeta,1
15,15,OXXO,1
16,16,Tarjeta,1
17,17,Transferencia,1
18,18,OXXO,3
19,19,Tarjeta,1
20,20,Tarjeta,1
21,21,PayPal,1
22,22,Transferencia,3
23,23,Tarjeta,6
24,24,Tarjeta,12
25,25,Tarjeta,1
26,26,OXXO,1
27,27,Transferencia,1
28,28,Tarjeta,1
29,29,Tarjeta,1
30,30,PayPal,12
31,31,Transferencia,1
32,32,PayPal,3
33,33,Transferencia,1
34,34,OXXO,1
35,35,Tarjeta,6
36,36,Tarjeta,6
37,37,Tarjeta,1
38,38,PayPal,6
39,39,OXXO,3
40,40,Tarjeta,1
41,41,PayPal,6
42,42,OXXO,1
43,43,PayPal,1
44,44,Tarjeta,3
45,45,Tarjeta,12
46,46,Tarjeta,3
47,47,OXXO,1
48,48,PayPal,1
49,49,Tarjeta,1
50,50,Tarjeta,1
51,51,PayPal,6
52,52,Transferencia,1
53,53,Tarjeta,1
54,54,PayPal,1
55,55,Tarjeta,3
56,56,Transferencia,1
57,57,Tarjeta,6
58,58,Transferencia,12
59,59,Tarjeta,3
60,60,OXXO,1
61,61,Tarjeta,1
62,62,Tarjeta,1
63,63,PayPal,6
64,64,PayPal,1
65,65,Tarjeta,1
66,66,Transferencia,3
67,67,Transferencia,1
68,68,Transferencia,1
69,69,Tarjeta,1
70,70,Tarjeta,3
71,71,Tarjeta,6
72,72,Transferencia,1
73,73,Tarjeta,1
74,74,Tarjeta,1
75,75,Transferencia,3
76,76,Tarjeta,3
77,77,Tarjeta,1
78,78,Tarjeta,1
79,79,PayPal,1
80,80,Tarjeta,1
81,81,Tarjeta,3
82,82,Transferencia,6
83,83,Tarjeta,1
84,84,Tarjeta,6
85,85,Transferencia,1
86,86,PayPal,1
87,87,Tarjeta,1
88,88,Tarjeta,1
89,89,Tarjeta,1
90,90,OXXO,1
91,91,PayPal,6
92,92,Transferencia,1
93,93,Tarjeta,3
94,94,Tarjeta,3
95,95,Tarjeta,3
96,96,OXXO,3
97,97,Tarjeta,1
98,98,Tarjeta,3
99,99,Transferencia,1
100,100,Tarjeta,3
101,101,OXXO,1
102,102,Transferencia,1
103,103,OXXO,3
104,104,Transferencia,1
105,105,PayPal,1
106,106,Tarjeta,1
107,107,Tarjeta,1
108,108,Tarjeta,6
109,109,Tarjeta,3
110,110,Tarjeta,1
111,111,Tarjeta,1
112,112,OXXO,6
113,113,Transferencia,6
114,114,Tarjeta,3
115,115,Tarjeta,3
116,116,Tarjeta,3
117,117,Tarjeta,1
118,118,Tarjeta,1
119,119,Tarjeta,1
120,120,Tarjeta,3
121,121,Tarjeta,6
122,122,Tarjeta,1
123,123,Tarjeta,1
124,124,Transferencia,1
125,125,PayPal,3
126,126,PayPal,1
127,127,Transferencia,6
128,128,Tarjeta,6
129,129,Tarjeta,1
130,130,Tarjeta,1
131,131,Tarjeta,3
132,132,PayPal,6
133,133,Transferencia,6
134,134,OXXO,1
135,135,PayPal,6
136,136,Transferencia,1
137,137,PayPal,1
138,138,Transferencia,1
139,139,PayPal,3
140,140,PayPal,1
141,141,Tarjeta,1
142,142,PayPal,3
143,143,Transferencia,12
144,144,Tarjeta,6
145,145,PayPal,1
146,146,Tarjeta,1
147,147,Tarjeta,1
148,148,Tarjeta,6
149,149,PayPal,1
150,150,Transferencia,1
151,151,Tarjeta,6
152,152,Tarjeta,1
153,153,PayPal,1
154,154,Tarjeta,1
155,155,Tarjeta,3
156,156,Tarjeta,1
157,157,Transferencia,1
158,158,Tarjeta,1
159,159,Tarjeta,6
160,160,Transferencia,1
161,161,Tarjeta,6
162,162,PayPal,1
163,163,Tarjeta,1
164,164,Tarjeta,1
165,165,Tarjeta,1
166,166,Tarjeta,3
167,167,Tarjeta,3
168,168,Tarjeta,3
169,169,Tarjeta,1
170,170,Tarjeta,3
171,171,Tarjeta,6
172,172,Tarjeta,3
173,173,Tarjeta,1
174,174,PayPal,6
175,175,PayPal,3
176,176,Tarjeta,1
177,177,Tarjeta,1
178,178,Tarjeta,3
179,179,PayPal,1
180,180,Tarjeta,6
181,181,PayPal,6
182,182,Transferencia,1
183,183,PayPal,3
184,184,Transferencia,1
185,185,Tarjeta,1
186,186,Tarjeta,1
187,187,Transferencia,6
188,188,PayPal,1
189,189,Tarjeta,1
190,190,PayPal,1
191,191,PayPal,1
192,192,PayPal,1
193,193,Transferencia,6
194,194,Tarjeta,1
195,195,Transferencia,6
196,196,Tarjeta,6
197,197,Tarjeta,1
198,198,Tarjeta,12
199,199,Tarjeta,1
200,200,Tarjeta,3
201,201,PayPal,3
202,202,Tarjeta,3
203,203,Tarjeta,1
204,204,OXXO,1
205,205,Transferencia,1
206,206,Tarjeta,12
207,207,PayPal,1
208,208,Tarjeta,1
209,209,Tarjeta,1
210,210,Tarjeta,1
211,211,PayPal,1
212,212,Tarjeta,6
213,213,PayPal,6
214,214,OXXO,1
215,215,PayPal,1
216,216,Transferencia,1
217,217,Tarjeta,1
218,218,OXXO,12
219,219,PayPal,1
220,220,Tarjeta,1
221,221,Tarjeta,1
222,222,Tarjeta,3
223,223,Tarjeta,1
224,224,PayPal,1
225,225,PayPal,1
226,226,OXXO,12
227,227,Transferencia,12
228,228,Tarjeta,1
229,229,Transferencia,1
230,230,Transferencia,3
231,231,Tarjeta,6
232,232,PayPal,3
233,233,PayPal,6
234,234,OXXO,3
235,235,PayPal,1
236,236,Transferencia,1
237,237,Tarjeta,6
238,238,Tarjeta,3
239,239,Tarjeta,3
240,240,PayPal,6
241,241,PayPal,1
242,242,OXXO,1
243,243,Transferencia,1
244,244,Tarjeta,1
245,245,OXXO,1
246,246,OXXO,1
247,247,PayPal,3
248,248,Transferencia,1
249,249,PayPal,3
250,250,Tarjeta,12
251,251,Tarjeta,1
252,252,Transferencia,1
253,253,Tarjeta,3
254,254,PayPal,1
255,255,Transferencia,1
256,256,Transferencia,1
257,257,PayPal,1
258,258,OXXO,1
259,259,Transferencia,1
260,260,Tarjeta,3
261,261,Tarjeta,1
262,262,OXXO,1
263,263,Tarjeta,1
264,264,OXXO,3
265,265,Tarjeta,3
266,266,Tarjeta,1
267,267,Transferencia,1
268,268,Transferencia,6
269,269,Transferencia,1
270,270,Tarjeta,1
271,271,PayPal,6
272,272,PayPal,3
273,273,Tarjeta,1
274,274,PayPal,3
275,275,Tarjeta,1
276,276,OXXO,3
277,277,Tarjeta,3
278,278,Transferencia,1
279,279,Transferencia,1
280,280,Transferencia,6
281,281,Tarjeta,6
282,282,PayPal,1
283,283,Tarjeta,1
284,284,Transferencia,3
285,285,Tarjeta,1
286,286,OXXO,1
287,287,Tarjeta,3
288,288,Tarjeta,12
289,289,OXXO,1
290,290,Tarjeta,6
291,291,Tarjeta,1
292,292,Tarjeta,6
293,293,Transferencia,1
294,294,Transferencia,1
295,295,Tarjeta,1
296,296,Transferencia,1
297,297,Tarjeta,1
298,298,PayPal,3
299,299,Tarjeta,1
300,300,PayPal,1
301,301,Transferencia,12
302,302,Tarjeta,3
303,303,PayPal,1
304,304,Tarjeta,1
305,305,Transferencia,1
306,306,Tarjeta,1
307,307,Tarjeta,1
308,308,Tarjeta,1
309,309,Transferencia,1
310,310,Tarjeta,12
311,311,Tarjeta,1
312,312,Tarjeta,1
313,313,Transferencia,1
314,314,Tarjeta,6
315,315,PayPal,3
316,316,Tarjeta,6
317,317,Tarjeta,1
318,318,Tarjeta,6
319,319,PayPal,3
320,320,PayPal,1
321,321,Tarjeta,1
322,322,Tarjeta,1
323,323,Tarjeta,3
324,324,Tarjeta,1
325,325,PayPal,1
326,326,Tarjeta,6
327,327,Tarjeta,3
328,328,Tarjeta,1
329,329,Transferencia,3
330,330,Tarjeta,1
331,331,Tarjeta,1
332,332,Transferencia,1
333,333,Tarjeta,1
334,334,Tarjeta,1
335,335,Transferencia,1
336,336,PayPal,1
337,337,PayPal,1
338,338,Transferencia,6
339,339,Tarjeta,1
340,340,Tarjeta,1
341,341,Transferencia,3
342,342,Tarjeta,1
343,343,Tarjeta,1
344,344,PayPal,3
345,345,Tarjeta,1
346,346,PayPal,1
347,347,OXXO,1
348,348,Tarjeta,1
349,349,Tarjeta,12
350,350,Tarjeta,1
351,351,Tarjeta,1
352,352,Transferencia,6
353,353,Tarjeta,1
354,354,Tarjeta,3
355,355,Tarjeta,1
356,356,Tarjeta,6
357,357,Tarjeta,1
358,358,OXXO,1
359,359,Transferencia,1
360,360,Transferencia,1
361,361,Transferencia,6
362,362,Tarjeta,1
363,363,OXXO,1
364,364,Transferencia,1
365,365,Transferencia,3
366,366,Tarjeta,1
367,367,Tarjeta,3
368,368,OXXO,3
369,369,Transferencia,1
370,370,Tarjeta,1
371,371,Tarjeta,3
372,372,Transferencia,1
373,373,OXXO,6
374,374,Transferencia,1
375,375,Tarjeta,1
376,376,OXXO,3
377,377,Tarjeta,6
378,378,Transferencia,1
379,379,Transferencia,3
380,380,Transferencia,1
381,381,PayPal,1
382,382,Tarjeta,1
383,383,Tarjeta,3
384,384,PayPal,6
385,385,Tarjeta,1
386,386,Transferencia,6
387,387,Transferencia,1
388,388,Tarjeta,12
389,389,Transferencia,1
390,390,Tarjeta,1
391,391,Tarjeta,1
392,392,PayPal,12
393,393,Tarjeta,3
394,394,Tarjeta,1
395,395,PayPal,3
396,396,PayPal,6
397,397,Tarjeta,1
398,398,OXXO,1
399,399,PayPal,1
400,400,Transferencia,3
401,401,Tarjeta,1
402,402,Tarjeta,1
403,403,Tarjeta,1
404,404,Tarjeta,12
405,405,Transferencia,1
406,406,OXXO,6
407,407,OXXO,1
408,408,OXXO,6
409,409,Transferencia,6
410,410,PayPal,1
411,411,Tarjeta,6
412,412,Tarjeta,6
413,413,Tarjeta,1
414,414,Tarjeta,1
415,415,Tarjeta,1
416,416,PayPal,1
417,417,Transferencia,1
418,418,Tarjeta,6
419,419,OXXO,3
420,420,Transferencia,1
421,421,Transferencia,1
422,422,Transferencia,1
423,423,Tarjeta,3
424,424,Transferencia,1
425,425,Transferencia,1
426,426,PayPal,1
427,427,Transferencia,1
428,428,Transferencia,1
429,429,Tarjeta,3
430,430,OXXO,3
431,431,Transferencia,1
432,432,Transferencia,3
433,433,Tarjeta,6
434,434,Transferencia,6
435,435,Tarjeta,1
436,436,OXXO,6
437,437,OXXO,3
438,438,PayPal,1
439,439,Tarjeta,1
440,440,PayPal,1
441,441,Tarjeta,1
442,442,Transferencia,1
443,443,Tarjeta,1
444,444,Tarjeta,3
445,445,Tarjeta,1
446,446,Transferencia,1
447,447,Tarjeta,1
448,448,PayPal,3
449,449,Tarjeta,3
450,450,Tarjeta,3
451,451,Tarjeta,3
452,452,Transferencia,1
453,453,PayPal,6
454,454,Transferencia,1
455,455,Tarjeta,3
456,456,Tarjeta,1
457,457,PayPal,3
458,458,Tarjeta,6
459,459,Tarjeta,12
460,460,Transferencia,1
461,461,Tarjeta,1
462,462,Tarjeta,1
463,463,Tarjeta,6
464,464,Tarjeta,1
465,465,PayPal,1
466,466,Transferencia,1
467,467,Tarjeta,6
468,468,Tarjeta,1
469,469,Tarjeta,12
470,470,Tarjeta,6
471,471,Tarjeta,1
472,472,OXXO,3
473,473,Tarjeta,6
474,474,Tarjeta,3
475,475,PayPal,3
476,476,PayPal,1
477,477,Tarjeta,1
478,478,Tarjeta,1
479,479,Transferencia,3
480,480,Tarjeta,1
481,481,Transferencia,1
482,482,Tarjeta,1
483,483,Transferencia,1
484,484,PayPal,1
485,485,Transferencia,6
486,486,Tarjeta,6
487,487,Transferencia,1
488,488,PayPal,1
489,489,Tarjeta,1
490,490,Transferencia,1
491,491,OXXO,3
492,492,OXXO,1
493,493,Tarjeta,1
494,494,Tarjeta,1
495,495,Tarjeta,1
496,496,PayPal,3
497,497,Transferencia,3
498,498,PayPal,1
499,499,Tarjeta,1
500,500,Transferencia,1
501,501,Tarjeta,1
502,502,Transferencia,1
503,503,Tarjeta,1
504,504,Tarjeta,1
505,505,Transferencia,1
506,506,Tarjeta,1
507,507,Transferencia,1
508,508,PayPal,1
509,509,Tarjeta,6
510,510,Tarjeta,3
511,511,Transferencia,12
512,512,Tarjeta,6
513,513,Tarjeta,12
514,514,Tarjeta,1
515,515,Transferencia,1
516,516,PayPal,1
517,517,Transferencia,1
518,518,Transferencia,1
519,519,Tarjeta,3
520,520,PayPal,1
521,521,Tarjeta,3
522,522,Tarjeta,6
523,523,PayPal,1
524,524,Tarjeta,3
525,525,PayPal,1
526,526,Tarjeta,1
527,527,Tarjeta,1
528,528,Tarjeta,3
529,529,PayPal,3
530,530,Transferencia,12
531,531,Transferencia,1
532,532,Tarjeta,1
533,533,PayPal,3
534,534,Tarjeta,6
535,535,Transferencia,6
536,536,PayPal,1
537,537,Transferencia,6
538,538,Transferencia,3
539,539,PayPal,12
540,540,Tarjeta,1
541,541,Tarjeta,1
542,542,Tarjeta,3
543,543,Tarjeta,6
544,544,Tarjeta,1
545,545,Tarjeta,1
546,546,Tarjeta,1
547,547,OXXO,1
548,548,Tarjeta,1
549,549,OXXO,1
550,550,Tarjeta,1
551,551,OXXO,1
552,552,Tarjeta,1
553,553,Tarjeta,1
554,554,Transferencia,6
555,555,OXXO,1
556,556,Tarjeta,3
557,557,Tarjeta,1
558,558,Tarjeta,3
559,559,PayPal,1
560,560,PayPal,12
561,561,Tarjeta,1
562,562,Tarjeta,3
563,563,PayPal,1
564,564,PayPal,1
565,565,Tarjeta,1
566,566,Tarjeta,3
567,567,Tarjeta,3
568,568,Transferencia,1
569,569,Tarjeta,3
570,570,Transferencia,3
571,571,PayPal,1
572,572,Tarjeta,6
573,573,Transferencia,1
574,574,Tarjeta,1
575,575,Tarjeta,3
576,576,Tarjeta,3
577,577,Tarjeta,1
578,578,PayPal,3
579,579,Tarjeta,1
580,580,Tarjeta,1
581,581,Tarjeta,1
582,582,Transferencia,1
583,583,Tarjeta,1
584,584,PayPal,3
585,585,OXXO,1
586,586,Tarjeta,1
587,587,Tarjeta,1
588,588,Tarjeta,1
589,589,Tarjeta,1
590,590,Transferencia,1
591,591,Transferencia,3
592,592,Tarjeta,6
593,593,Tarjeta,3
594,594,Tarjeta,1
595,595,Tarjeta,6
596,596,Tarjeta,1
597,597,PayPal,6
598,598,Transferencia,3
599,599,Tarjeta,3
600,600,Transferencia,12
601,601,PayPal,1
602,602,Transferencia,3
603,603,Tarjeta,1
604,604,Tarjeta,1
605,605,Tarjeta,1
606,606,Tarjeta,12
607,607,PayPal,1
608,608,OXXO,6
609,609,Tarjeta,3
610,610,PayPal,1
611,611,OXXO,1
612,612,PayPal,1
613,613,Transferencia,1
614,614,OXXO,3
615,615,PayPal,1
616,616,PayPal,1
617,617,Transferencia,1
618,618,Tarjeta,1
619,619,Transferencia,6
620,620,Transferencia,3
621,621,Tarjeta,3
622,622,PayPal,3
623,623,Tarjeta,1
624,624,PayPal,6
625,625,PayPal,6
626,626,OXXO,12
627,627,PayPal,1
628,628,Tarjeta,6
629,629,Transferencia,1
630,630,Transferencia,3
631,631,OXXO,3
632,632,Tarjeta,6
633,633,PayPal,1
634,634,OXXO,1
635,635,Tarjeta,1
636,636,PayPal,3
637,637,Transferencia,1
638,638,Tarjeta,1
639,639,PayPal,12
640,640,Transferencia,12
641,641,PayPal,6
642,642,Transferencia,1
643,643,PayPal,1
644,644,Transferencia,1
645,645,Tarjeta,1
646,646,Transferencia,12
647,647,PayPal,1
648,648,PayPal,1
649,649,PayPal,1
650,650,Tarjeta,1
651,651,PayPal,3
652,652,Tarjeta,6
653,653,OXXO,12
654,654,PayPal,1
655,655,Tarjeta,6
656,656,Tarjeta,6
657,657,PayPal,6
658,658,Transferencia,1
659,659,Tarjeta,3
660,660,Transferencia,1
661,661,Tarjeta,1
662,662,Tarjeta,1
663,663,Tarjeta,1
664,664,OXXO,6
665,665,Transferencia,1
666,666,Transferencia,6
667,667,Tarjeta,3
668,668,Tarjeta,1
669,669,Transferencia,3
670,670,Transferencia,3
671,671,Tarjeta,1
672,672,Tarjeta,1
673,673,Tarjeta,3
674,674,Transferencia,6
675,675,Transferencia,1
676,676,PayPal,3
677,677,PayPal,1
678,678,Tarjeta,1
679,679,OXXO,1
680,680,Transferencia,1
681,681,Transferencia,12
682,682,Transferencia,3
683,683,Tarjeta,3
684,684,Tarjeta,1
685,685,Tarjeta,1
686,686,OXXO,3
687,687,Transferencia,1
688,688,Tarjeta,1
689,689,Transferencia,1
690,690,Tarjeta,1
691,691,PayPal,1
692,692,PayPal,3
693,693,PayPal,3
694,694,Tarjeta,3
695,695,PayPal,3
696,696,Tarjeta,1
697,697,Tarjeta,1
698,698,OXXO,6
699,699,Tarjeta,3
700,700,OXXO,6
701,701,Tarjeta,3
702,702,Tarjeta,12
703,703,Tarjeta,3
704,704,Tarjeta,3
705,705,Tarjeta,6
706,706,PayPal,1
707,707,PayPal,12
708,708,PayPal,1
709,709,Tarjeta,6
710,710,Tarjeta,6
711,711,Tarjeta,1
712,712,Transferencia,6
713,713,Tarjeta,1
714,714,Tarjeta,6
715,715,PayPal,1
716,716,Tarjeta,3
717,717,Transferencia,6
718,718,PayPal,1
719,719,PayPal,1
720,720,Tarjeta,1
721,721,Tarjeta,3
722,722,Tarjeta,3
723,723,Transferencia,12
724,724,OXXO,1
725,725,Transferencia,1
726,726,Tarjeta,6
727,727,Tarjeta,6
728,728,PayPal,1
729,729,Tarjeta,1
730,730,Transferencia,1
731,731,Tarjeta,1
732,732,Transferencia,3
733,733,Tarjeta,1
734,734,Tarjeta,1
735,735,Transferencia,3
736,736,Tarjeta,1
737,737,PayPal,1
738,738,Transferencia,3
739,739,Tarjeta,1
740,740,PayPal,6
741,741,Tarjeta,6
742,742,Tarjeta,1
743,743,Tarjeta,1
744,744,OXXO,1
745,745,Tarjeta,1
746,746,Tarjeta,1
747,747,OXXO,3
748,748,Transferencia,1
749,749,Tarjeta,1
750,750,Tarjeta,1
751,751,Transferencia,3
752,752,PayPal,1
753,753,PayPal,1
754,754,PayPal,3
755,755,Tarjeta,1
756,756,Tarjeta,3
757,757,Transferencia,3
758,758,Tarjeta,1
759,759,Tarjeta,1
760,760,PayPal,6
761,761,Transferencia,1
762,762,Tarjeta,1
763,763,Transferencia,3
764,764,Transferencia,3
765,765,OXXO,1
766,766,Tarjeta,1
767,767,OXXO,1
768,768,Tarjeta,6
769,769,Tarjeta,3
770,770,Transferencia,1
771,771,Transferencia,1
772,772,PayPal,1
773,773,Tarjeta,1
774,774,Transferencia,1
775,775,Transferencia,1
776,776,Transferencia,1
777,777,Tarjeta,6
778,778,Transferencia,1
779,779,Tarjeta,3
780,780,Tarjeta,1
781,781,PayPal,12
782,782,PayPal,1
783,783,Tarjeta,1
784,784,Transferencia,1
785,785,Transferencia,1
786,786,OXXO,1
787,787,OXXO,3
788,788,OXXO,12
789,789,PayPal,1
790,790,Transferencia,6
791,791,Tarjeta,3
792,792,Tarjeta,1
793,793,Tarjeta,1
794,794,PayPal,12
795,795,Tarjeta,1
796,796,Transferencia,12
797,797,Tarjeta,3
798,798,Transferencia,6
799,799,Tarjeta,1
800,800,PayPal,1
801,801,Tarjeta,1
802,802,Tarjeta,3
803,803,PayPal,3
804,804,OXXO,6
805,805,Tarjeta,1
806,806,Tarjeta,3
807,807,Tarjeta,12
808,808,Tarjeta,6
809,809,Tarjeta,1
810,810,OXXO,6
811,811,OXXO,1
812,812,PayPal,1
813,813,Tarjeta,3
814,814,Tarjeta,12
815,815,PayPal,1
816,816,Tarjeta,1
817,817,Tarjeta,1
818,818,Tarjeta,6
819,819,Tarjeta,6
820,820,Tarjeta,1
821,821,Transferencia,6
822,822,PayPal,3
823,823,Tarjeta,1
824,824,Tarjeta,6
825,825,Transferencia,6
826,826,PayPal,1
827,827,OXXO,1
828,828,Tarjeta,1
829,829,Tarjeta,6
830,830,PayPal,1
831,831,Tarjeta,1
832,832,OXXO,1
833,833,Transferencia,3
834,834,OXXO,1
835,835,Transferencia,1
836,836,PayPal,1
837,837,Transferencia,1
838,838,Tarjeta,1
839,839,PayPal,6
840,840,PayPal,1
841,841,Tarjeta,6
842,842,Transferencia,1
843,843,Transferencia,3
844,844,Tarjeta,1
845,845,Tarjeta,1
846,846,PayPal,3
847,847,Tarjeta,3
848,848,OXXO,3
849,849,Tarjeta,3
850,850,Tarjeta,3
851,851,PayPal,1
852,852,Tarjeta,1
853,853,PayPal,1
854,854,Tarjeta,6
855,855,OXXO,6
856,856,PayPal,6
857,857,Tarjeta,1
858,858,Tarjeta,3
859,859,Transferencia,6
860,860,Tarjeta,1
861,861,Tarjeta,1
862,862,Transferencia,3
863,863,Tarjeta,12
864,864,Tarjeta,1
865,865,PayPal,3
866,866,Tarjeta,1
867,867,Tarjeta,12
868,868,Tarjeta,1
869,869,PayPal,1
870,870,OXXO,3
871,871,Tarjeta,1
872,872,Tarjeta,1
873,873,PayPal,3
874,874,Transferencia,3
875,875,Transferencia,3
876,876,Tarjeta,6
877,877,Tarjeta,1
878,878,Tarjeta,6
879,879,Transferencia,1
880,880,Transferencia,3
881,881,PayPal,1
882,882,Transferencia,1
883,883,PayPal,1
884,884,Tarjeta,6
885,885,Transferencia,3
886,886,OXXO,6
887,887,Transferencia,1
888,888,Transferencia,12
889,889,PayPal,1
890,890,Tarjeta,1
891,891,Tarjeta,1
892,892,Tarjeta,12
893,893,Transferencia,1
894,894,Tarjeta,1
895,895,Tarjeta,1
896,896,Transferencia,3
897,897,Tarjeta,1
898,898,Tarjeta,3
899,899,Transferencia,1
900,900,PayPal,1
901,901,OXXO,1
902,902,Tarjeta,6
903,903,Tarjeta,6
904,904,OXXO,1
905,905,PayPal,1
906,906,Tarjeta,3
907,907,PayPal,3
908,908,PayPal,1
909,909,Tarjeta,1
910,910,Tarjeta,1
911,911,Tarjeta,6
912,912,Transferencia,1
913,913,Tarjeta,1
914,914,Transferencia,1
915,915,Tarjeta,1
916,916,Transferencia,1
917,917,Tarjeta,1
918,918,PayPal,1
919,919,Tarjeta,1
920,920,Tarjeta,1
921,921,PayPal,1
922,922,Transferencia,1
923,923,Tarjeta,1
924,924,PayPal,1
925,925,Tarjeta,1
926,926,Tarjeta,6
927,927,Tarjeta,1
928,928,Tarjeta,6
929,929,Tarjeta,3
930,930,Tarjeta,6
931,931,Tarjeta,12
932,932,Tarjeta,1
933,933,Tarjeta,1
934,934,Tarjeta,6
935,935,Tarjeta,6
936,936,Tarjeta,1
937,937,Tarjeta,1
938,938,PayPal,1
939,939,Transferencia,12
940,940,Tarjeta,1
941,941,Tarjeta,3
942,942,Tarjeta,3
943,943,Tarjeta,1
944,944,PayPal,1
945,945,Transferencia,1
946,946,Tarjeta,1
947,947,OXXO,3
948,948,Tarjeta,1
949,949,PayPal,6
950,950,PayPal,1
951,951,Tarjeta,1
952,952,Transferencia,1
953,953,Tarjeta,1
954,954,Tarjeta,6
955,955,Tarjeta,6
956,956,Transferencia,6
957,957,Tarjeta,1
958,958,Tarjeta,1
959,959,Transferencia,1
960,960,PayPal,1
961,961,PayPal,1
962,962,Tarjeta,1
963,963,Tarjeta,6
964,964,Tarjeta,12
965,965,Tarjeta,1
966,966,Tarjeta,1
967,967,Transferencia,6
968,968,Tarjeta,6
969,969,Tarjeta,1
970,970,PayPal,1
971,971,Tarjeta,1
972,972,Tarjeta,1
973,973,Tarjeta,6
974,974,OXXO,6
975,975,Transferencia,1
976,976,Tarjeta,1
977,977,Tarjeta,3
978,978,OXXO,1
979,979,Tarjeta,1
980,980,PayPal,1
981,981,OXXO,3
982,982,Tarjeta,3
983,983,Transferencia,3
984,984,Transferencia,3
985,985,OXXO,6
986,986,Tarjeta,12
987,987,OXXO,3
988,988,OXXO,3
989,989,Transferencia,1
990,990,Transferencia,1
991,991,Tarjeta,1
992,992,Tarjeta,1
993,993,Transferencia,1
994,994,Tarjeta,1
995,995,PayPal,1
996,996,Transferencia,1
997,997,Transferencia,6
998,998,PayPal,1
999,999,Tarjeta,3
1000,1000,Tarjeta,6
1001,1001,PayPal,1
1002,1002,Tarjeta,12
1003,1003,PayPal,3
1004,1004,PayPal,3
1005,1005,PayPal,6
1006,1006,PayPal,1
1007,1007,Tarjeta,6
1008,1008,Tarjeta,12
1009,1009,PayPal,3
1010,1010,Transferencia,6
1011,1011,Tarjeta,1
1012,1012,Tarjeta,1
1013,1013,Tarjeta,1
1014,1014,Tarjeta,1
1015,1015,Tarjeta,1
1016,1016,PayPal,1
1017,1017,Tarjeta,1
1018,1018,PayPal,3
1019,1019,Tarjeta,1
1020,1020,PayPal,1
1021,1021,Transferencia,1
1022,1022,Tarjeta,1
1023,1023,Transferencia,1
1024,1024,PayPal,6
1025,1025,PayPal,1
1026,1026,Tarjeta,1
1027,1027,Tarjeta,1
1028,1028,Tarjeta,1
1029,1029,PayPal,1
1030,1030,OXXO,1
1031,1031,Tarjeta,3
1032,1032,Transferencia,1
1033,1033,Transferencia,1
1034,1034,Tarjeta,1
1035,1035,PayPal,1
1036,1036,OXXO,3
1037,1037,Transferencia,1
1038,1038,OXXO,1
1039,1039,OXXO,1
1040,1040,Transferencia,1
1041,1041,Tarjeta,1
1042,1042,PayPal,12
1043,1043,Tarjeta,1
1044,1044,PayPal,3
1045,1045,Tarjeta,6
1046,1046,Transferencia,1
1047,1047,Tarjeta,6
1048,1048,Tarjeta,3
1049,1049,Tarjeta,1
1050,1050,Tarjeta,3
1051,1051,PayPal,1
1052,1052,PayPal,1
1053,1053,Tarjeta,1
1054,1054,OXXO,6
1055,1055,Tarjeta,6
1056,1056,Tarjeta,3
1057,1057,Transferencia,3
1058,1058,Tarjeta,1
1059,1059,PayPal,1
1060,1060,Transferencia,6
1061,1061,Tarjeta,1
1062,1062,Tarjeta,1
1063,1063,Transferencia,3
1064,1064,Transferencia,1
1065,1065,Tarjeta,6
1066,1066,Tarjeta,1
1067,1067,Tarjeta,1
1068,1068,Tarjeta,3
1069,1069,Tarjeta,6
1070,1070,OXXO,1
1071,1071,Tarjeta,1
1072,1072,Tarjeta,6
1073,1073,Tarjeta,3
1074,1074,OXXO,6
1075,1075,Tarjeta,3
1076,1076,Tarjeta,1
1077,1077,Transferencia,1
1078,1078,Transferencia,1
1079,1079,Tarjeta,1
1080,1080,Tarjeta,6
1081,1081,Transferencia,6
1082,1082,Transferencia,1
1083,1083,Transferencia,6
1084,1084,Tarjeta,1
1085,1085,Tarjeta,1
1086,1086,OXXO,1
1087,1087,Tarjeta,1
1088,1088,OXXO,6
1089,1089,OXXO,3
1090,1090,OXXO,1
1091,1091,Transferencia,1
1092,1092,OXXO,3
1093,1093,Tarjeta,1
1094,1094,Tarjeta,6
1095,1095,Tarjeta,1
1096,1096,Tarjeta,1
1097,1097,Tarjeta,1
1098,1098,Tarjeta,1
1099,1099,Transferencia,1
1100,1100,OXXO,12
1101,1101,Tarjeta,1
1102,1102,Tarjeta,1
1103,1103,Tarjeta,1
1104,1104,PayPal,1
1105,1105,Tarjeta,1
1106,1106,Transferencia,1
1107,1107,Tarjeta,1
1108,1108,Tarjeta,3
1109,1109,Tarjeta,1
1110,1110,Tarjeta,6
1111,1111,PayPal,6
1112,1112,Tarjeta,1
1113,1113,PayPal,1
1114,1114,Tarjeta,1
1115,1115,Tarjeta,1
1116,1116,Tarjeta,3
1117,1117,OXXO,3
1118,1118,Tarjeta,1
1119,1119,PayPal,1
1120,1120,Tarjeta,6
1121,1121,PayPal,3
1122,1122,PayPal,1
1123,1123,OXXO,1
1124,1124,PayPal,1
1125,1125,OXXO,1
1126,1126,Tarjeta,6
1127,1127,PayPal,3
1128,1128,Transferencia,1
1129,1129,PayPal,1
1130,1130,Tarjeta,1
1131,1131,PayPal,3
1132,1132,Transferencia,6
1133,1133,Tarjeta,1
1134,1134,OXXO,1
1135,1135,Transferencia,1
1136,1136,PayPal,1
1137,1137,PayPal,3
1138,1138,PayPal,3
1139,1139,Transferencia,3
1140,1140,PayPal,1
1141,1141,Tarjeta,3
1142,1142,Tarjeta,1
1143,1143,Tarjeta,3
1144,1144,Tarjeta,3
1145,1145,PayPal,1
1146,1146,PayPal,1
1147,1147,PayPal,1
1148,1148,Tarjeta,1
1149,1149,Tarjeta,1
1150,1150,Transferencia,1
1151,1151,OXXO,3
1152,1152,Tarjeta,1
1153,1153,Tarjeta,1
1154,1154,Tarjeta,1
1155,1155,Transferencia,3
1156,1156,Tarjeta,1
1157,1157,OXXO,1
1158,1158,Tarjeta,1
1159,1159,Tarjeta,1
1160,1160,Transferencia,6
1161,1161,Transferencia,3
1162,1162,PayPal,1
1163,1163,PayPal,1
1164,1164,Transferencia,3
1165,1165,Tarjeta,3
1166,1166,Transferencia,6
1167,1167,OXXO,12
1168,1168,OXXO,6
1169,1169,PayPal,1
1170,1170,PayPal,1
1171,1171,OXXO,6
1172,1172,OXXO,1
1173,1173,Transferencia,1
1174,1174,Tarjeta,6
1175,1175,PayPal,1
1176,1176,PayPal,1
1177,1177,Transferencia,12
1178,1178,Tarjeta,1
1179,1179,Transferencia,1
1180,1180,Tarjeta,1
1181,1181,Tarjeta,3
1182,1182,PayPal,1
1183,1183,Transferencia,3
1184,1184,Transferencia,1
1185,1185,Tarjeta,12
1186,1186,OXXO,1
1187,1187,Tarjeta,6
1188,1188,Transferencia,1
1189,1189,Tarjeta,1
1190,1190,Transferencia,1
1191,1191,Tarjeta,6
1192,1192,PayPal,1
1193,1193,Tarjeta,1
1194,1194,Tarjeta,6
1195,1195,Tarjeta,3
1196,1196,Tarjeta,3
1197,1197,Tarjeta,6
1198,1198,Transferencia,12
1199,1199,Tarjeta,1
1200,1200,Transferencia,6
1201,1201,Tarjeta,3
1202,1202,PayPal,1
1203,1203,OXXO,1
1204,1204,Transferencia,1
1205,1205,Tarjeta,1
1206,1206,OXXO,1
1207,1207,Tarjeta,1
1208,1208,OXXO,1
1209,1209,OXXO,3
1210,1210,PayPal,1
1211,1211,Tarjeta,1
1212,1212,Tarjeta,3
1213,1213,Tarjeta,6
1214,1214,Transferencia,1
1215,1215,Tarjeta,3
1216,1216,Tarjeta,3
1217,1217,Transferencia,1
1218,1218,OXXO,6
1219,1219,Tarjeta,3
1220,1220,Tarjeta,3
1221,1221,Tarjeta,1
1222,1222,Tarjeta,1
1223,1223,Tarjeta,1
1224,1224,OXXO,1
1225,1225,OXXO,6
1226,1226,PayPal,1
1227,1227,PayPal,1
1228,1228,Tarjeta,6
1229,1229,OXXO,6
1230,1230,OXXO,1
1231,1231,Tarjeta,6
1232,1232,Transferencia,12
1233,1233,Tarjeta,3
1234,1234,Tarjeta,1
1235,1235,Tarjeta,3
1236,1236,Tarjeta,1
1237,1237,Tarjeta,1
1238,1238,PayPal,1
1239,1239,Tarjeta,3
1240,1240,Tarjeta,3
1241,1241,Transferencia,1
1242,1242,Tarjeta,6
1243,1243,Transferencia,3
1244,1244,Tarjeta,1
1245,1245,Transferencia,6
1246,1246,PayPal,3
1247,1247,Tarjeta,6
1248,1248,Tarjeta,1
1249,1249,PayPal,1
1250,1250,Transferencia,1
1251,1251,PayPal,1
1252,1252,Transferencia,6
1253,1253,Tarjeta,6
1254,1254,Tarjeta,6
1255,1255,OXXO,1
1256,1256,Transferencia,1
1257,1257,Transferencia,12
1258,1258,Tarjeta,6
1259,1259,Transferencia,1
1260,1260,Transferencia,1
1261,1261,Tarjeta,3
1262,1262,Tarjeta,1
1263,1263,OXXO,1
1264,1264,Tarjeta,1
1265,1265,Tarjeta,1
1266,1266,Tarjeta,1
1267,1267,Tarjeta,1
1268,1268,OXXO,1
1269,1269,Tarjeta,3
1270,1270,Tarjeta,1
1271,1271,Tarjeta,3
1272,1272,PayPal,1
1273,1273,Tarjeta,3
1274,1274,PayPal,6
1275,1275,Tarjeta,1
1276,1276,PayPal,1
1277,1277,PayPal,1
1278,1278,PayPal,1
1279,1279,Transferencia,1
1280,1280,Tarjeta,1
1281,1281,Tarjeta,1
1282,1282,OXXO,3
1283,1283,Transferencia,1
1284,1284,Tarjeta,12
1285,1285,Tarjeta,1
1286,1286,Transferencia,1
1287,1287,Transferencia,1
1288,1288,PayPal,1
1289,1289,OXXO,1
1290,1290,Tarjeta,1
1291,1291,Tarjeta,3
1292,1292,Transferencia,3
1293,1293,Tarjeta,1
1294,1294,Tarjeta,3
1295,1295,PayPal,12
1296,1296,Transferencia,6
1297,1297,PayPal,3
1298,1298,PayPal,6
1299,1299,Tarjeta,1
1300,1300,OXXO,6
1301,1301,Tarjeta,6
1302,1302,OXXO,3
1303,1303,Tarjeta,1
1304,1304,Tarjeta,1
1305,1305,Tarjeta,6
1306,1306,Tarjeta,1
1307,1307,PayPal,3
1308,1308,PayPal,1
1309,1309,PayPal,1
1310,1310,Tarjeta,1
1311,1311,Tarjeta,1
1312,1312,Tarjeta,1
1313,1313,Tarjeta,3
1314,1314,Tarjeta,1
1315,1315,Transferencia,6
1316,1316,Tarjeta,1
1317,1317,Transferencia,1
1318,1318,Tarjeta,1
1319,1319,Tarjeta,3
1320,1320,Tarjeta,1
1321,1321,Transferencia,1
1322,1322,Tarjeta,3
1323,1323,Tarjeta,6
1324,1324,Tarjeta,1
1325,1325,Tarjeta,1
1326,1326,Tarjeta,1
1327,1327,Tarjeta,1
1328,1328,PayPal,1
1329,1329,Tarjeta,1
1330,1330,PayPal,3
1331,1331,Tarjeta,6
1332,1332,PayPal,1
1333,1333,Tarjeta,1
1334,1334,Tarjeta,1
1335,1335,Transferencia,3
1336,1336,PayPal,1
1337,1337,OXXO,1
1338,1338,Tarjeta,3
1339,1339,Transferencia,12
1340,1340,PayPal,1
1341,1341,Tarjeta,1
1342,1342,PayPal,1
1343,1343,Tarjeta,3
1344,1344,OXXO,6
1345,1345,Tarjeta,1
1346,1346,Transferencia,3
1347,1347,Tarjeta,1
1348,1348,PayPal,1
1349,1349,Transferencia,1
1350,1350,Tarjeta,1
1351,1351,Transferencia,1
1352,1352,Tarjeta,1
1353,1353,Tarjeta,1
1354,1354,Tarjeta,1
1355,1355,Tarjeta,6
1356,1356,Tarjeta,6
1357,1357,PayPal,6
1358,1358,PayPal,6
1359,1359,OXXO,1
1360,1360,PayPal,1
1361,1361,Tarjeta,1
1362,1362,PayPal,1
1363,1363,PayPal,1
1364,1364,PayPal,3
1365,1365,PayPal,6
1366,1366,Tarjeta,3
1367,1367,OXXO,1
1368,1368,Tarjeta,1
1369,1369,Transferencia,1
1370,1370,OXXO,3
1371,1371,Tarjeta,1
1372,1372,PayPal,6
1373,1373,OXXO,1
1374,1374,Transferencia,3
1375,1375,Tarjeta,6
1376,1376,OXXO,1
1377,1377,Tarjeta,1
1378,1378,Tarjeta,1
1379,1379,Tarjeta,1
1380,1380,Tarjeta,1
1381,1381,Transferencia,1
1382,1382,Tarjeta,3
1383,1383,Tarjeta,1
1384,1384,Tarjeta,1
1385,1385,PayPal,1
1386,1386,Transferencia,1
1387,1387,Tarjeta,1
1388,1388,Transferencia,3
1389,1389,Tarjeta,1
1390,1390,Transferencia,1
1391,1391,OXXO,12
1392,1392,Tarjeta,1
1393,1393,OXXO,6
1394,1394,Tarjeta,1
1395,1395,Tarjeta,1
1396,1396,PayPal,1
1397,1397,Tarjeta,3
1398,1398,Tarjeta,1
1399,1399,Tarjeta,1
1400,1400,Tarjeta,1
1401,1401,OXXO,1
1402,1402,Tarjeta,1
1403,1403,Tarjeta,12
1404,1404,PayPal,3
1405,1405,Transferencia,1
1406,1406,PayPal,1
1407,1407,Transferencia,1
1408,1408,Transferencia,1
1409,1409,Tarjeta,1
1410,1410,PayPal,1
1411,1411,Tarjeta,1
1412,1412,Tarjeta,1
1413,1413,Tarjeta,3
1414,1414,OXXO,6
1415,1415,Tarjeta,1
1416,1416,PayPal,1
1417,1417,OXXO,1
1418,1418,PayPal,3
1419,1419,OXXO,3
1420,1420,Tarjeta,3
1421,1421,Tarjeta,1
1422,1422,PayPal,1
1423,1423,Tarjeta,1
1424,1424,Tarjeta,1
1425,1425,PayPal,1
1426,1426,Tarjeta,3
1427,1427,PayPal,1
1428,1428,Tarjeta,12
1429,1429,Tarjeta,1
1430,1430,OXXO,6
1431,1431,Tarjeta,12
1432,1432,Tarjeta,1
1433,1433,Tarjeta,1
1434,1434,Tarjeta,1
1435,1435,PayPal,1
1436,1436,PayPal,6
1437,1437,Tarjeta,1
1438,1438,Tarjeta,1
1439,1439,PayPal,3
1440,1440,Transferencia,6
1441,1441,OXXO,6
1442,1442,PayPal,1
1443,1443,Transferencia,3
1444,1444,Tarjeta,1
1445,1445,OXXO,1
1446,1446,Tarjeta,1
1447,1447,Tarjeta,1
1448,1448,OXXO,6
1449,1449,Tarjeta,1
1450,1450,OXXO,1
1451,1451,Tarjeta,3
1452,1452,Tarjeta,1
1453,1453,PayPal,1
1454,1454,Tarjeta,1
1455,1455,Tarjeta,1
1456,1456,Tarjeta,1
1457,1457,PayPal,1
1458,1458,OXXO,1
1459,1459,Transferencia,1
1460,1460,Transferencia,3
1461,1461,Tarjeta,1
1462,1462,PayPal,1
1463,1463,Transferencia,1
1464,1464,Tarjeta,1
1465,1465,Tarjeta,1
1466,1466,PayPal,6
1467,1467,PayPal,3
1468,1468,PayPal,3
1469,1469,Tarjeta,1
1470,1470,Transferencia,3
1471,1471,Transferencia,1
1472,1472,Transferencia,6
1473,1473,PayPal,12
1474,1474,Tarjeta,1
1475,1475,Transferencia,12
1476,1476,Transferencia,6
1477,1477,Transferencia,1
1478,1478,PayPal,1
1479,1479,Transferencia,1
1480,1480,Tarjeta,1
1481,1481,Transferencia,1
1482,1482,PayPal,1
1483,1483,Tarjeta,1
1484,1484,OXXO,1
1485,1485,Tarjeta,1
1486,1486,PayPal,6
1487,1487,Tarjeta,1
1488,1488,PayPal,3
1489,1489,Tarjeta,1
1490,1490,Tarjeta,1
1491,1491,Transferencia,3
1492,1492,Transferencia,1
1493,1493,Tarjeta,1
1494,1494,Transferencia,6
1495,1495,OXXO,6
1496,1496,Tarjeta,6
1497,1497,Tarjeta,1
1498,1498,PayPal,3
1499,1499,OXXO,3
1500,1500,PayPal,1
1501,1501,Transferencia,1
1502,1502,OXXO,1
1503,1503,PayPal,1
1504,1504,Transferencia,1
1505,1505,OXXO,3
1506,1506,Tarjeta,1
1507,1507,Tarjeta,1
1508,1508,Tarjeta,1
1509,1509,Tarjeta,12
1510,1510,Transferencia,1
1511,1511,Tarjeta,1
1512,1512,OXXO,1
1513,1513,Transferencia,6
1514,1514,PayPal,3
1515,1515,Tarjeta,1
1516,1516,Tarjeta,3
1517,1517,Tarjeta,1
1518,1518,PayPal,6
1519,1519,Transferencia,1
1520,1520,OXXO,1
1521,1521,OXXO,1
1522,1522,Transferencia,1
1523,1523,Transferencia,1
1524,1524,OXXO,1
1525,1525,PayPal,1
1526,1526,PayPal,6
1527,1527,PayPal,3
1528,1528,Tarjeta,1
1529,1529,Tarjeta,3
1530,1530,OXXO,3
1531,1531,OXXO,1
1532,1532,Tarjeta,3
1533,1533,OXXO,1
1534,1534,PayPal,6
1535,1535,Tarjeta,1
1536,1536,Transferencia,6
1537,1537,Tarjeta,1
1538,1538,Tarjeta,1
1539,1539,Tarjeta,1
1540,1540,PayPal,1
1541,1541,Tarjeta,3
1542,1542,Tarjeta,1
1543,1543,Transferencia,1
1544,1544,PayPal,1
1545,1545,Tarjeta,1
1546,1546,PayPal,6
1547,1547,Transferencia,1
1548,1548,PayPal,1
1549,1549,Transferencia,6
1550,1550,Transferencia,6
1551,1551,OXXO,1
1552,1552,Transferencia,1
1553,1553,OXXO,1
1554,1554,Tarjeta,3
1555,1555,Tarjeta,1
1556,1556,Tarjeta,6
1557,1557,Tarjeta,6
1558,1558,Tarjeta,1
1559,1559,Tarjeta,6
1560,1560,Tarjeta,1
1561,1561,PayPal,6
1562,1562,Transferencia,3
1563,1563,Tarjeta,6
1564,1564,OXXO,1
1565,1565,Tarjeta,3
1566,1566,PayPal,6
1567,1567,OXXO,1
1568,1568,Transferencia,12
1569,1569,OXXO,3
1570,1570,Tarjeta,3
1571,1571,Tarjeta,6
1572,1572,Tarjeta,3
1573,1573,Tarjeta,1
1574,1574,Tarjeta,6
1575,1575,Tarjeta,1
1576,1576,Transferencia,1
1577,1577,OXXO,1
1578,1578,PayPal,1
1579,1579,Tarjeta,1
1580,1580,OXXO,1
1581,1581,Tarjeta,1
1582,1582,OXXO,3
1583,1583,PayPal,12
1584,1584,OXXO,1
1585,1585,Tarjeta,1
1586,1586,Transferencia,1
1587,1587,Tarjeta,1
1588,1588,PayPal,6
1589,1589,PayPal,1
1590,1590,Tarjeta,1
1591,1591,PayPal,12
1592,1592,Tarjeta,1
1593,1593,Tarjeta,1
1594,1594,Tarjeta,1
1595,1595,Tarjeta,3
1596,1596,Tarjeta,12
1597,1597,Transferencia,1
1598,1598,Tarjeta,1
1599,1599,Transferencia,6
1600,1600,Tarjeta,6
1601,1601,Tarjeta,1
1602,1602,Tarjeta,1
1603,1603,PayPal,1
1604,1604,Tarjeta,1
1605,1605,Tarjeta,6
1606,1606,Tarjeta,1
1607,1607,PayPal,12
1608,1608,Tarjeta,1
1609,1609,Tarjeta,1
1610,1610,Tarjeta,1
1611,1611,Tarjeta,6
1612,1612,PayPal,1
1613,1613,Transferencia,12
1614,1614,PayPal,1
1615,1615,Tarjeta,1
1616,1616,Transferencia,1
1617,1617,Tarjeta,1
1618,1618,PayPal,3
1619,1619,Tarjeta,3
1620,1620,PayPal,3
1621,1621,PayPal,3
1622,1622,Tarjeta,1
1623,1623,Transferencia,1
1624,1624,Transferencia,1
1625,1625,PayPal,6
1626,1626,Transferencia,1
1627,1627,Transferencia,3
1628,1628,Tarjeta,1
1629,1629,OXXO,1
1630,1630,PayPal,3
1631,1631,Transferencia,1
1632,1632,Tarjeta,1
1633,1633,Tarjeta,3
1634,1634,Tarjeta,1
1635,1635,Tarjeta,3
1636,1636,Transferencia,1
1637,1637,Tarjeta,1
1638,1638,PayPal,6
1639,1639,PayPal,1
1640,1640,Tarjeta,1
1641,1641,OXXO,1
1642,1642,Tarjeta,1
1643,1643,OXXO,1
1644,1644,OXXO,1
1645,1645,OXXO,3
1646,1646,Transferencia,3
1647,1647,PayPal,1
1648,1648,OXXO,3
1649,1649,Tarjeta,6
1650,1650,OXXO,1
1651,1651,Tarjeta,6
1652,1652,PayPal,6
1653,1653,Transferencia,1
1654,1654,PayPal,1
1655,1655,Transferencia,1
1656,1656,Tarjeta,1
1657,1657,PayPal,1
1658,1658,PayPal,1
1659,1659,PayPal,1
1660,1660,Tarjeta,6
1661,1661,Transferencia,12
1662,1662,Transferencia,6
1663,1663,Transferencia,1
1664,1664,Tarjeta,1
1665,1665,Tarjeta,1
1666,1666,Tarjeta,1
1667,1667,Tarjeta,1
1668,1668,Tarjeta,6
1669,1669,Transferencia,3
1670,1670,PayPal,6
1671,1671,Tarjeta,3
1672,1672,Tarjeta,1
1673,1673,PayPal,1
1674,1674,Tarjeta,6
1675,1675,Transferencia,1
1676,1676,Tarjeta,6
1677,1677,Transferencia,12
1678,1678,Transferencia,1
1679,1679,PayPal,1
1680,1680,PayPal,3
1681,1681,PayPal,6
1682,1682,Tarjeta,1
1683,1683,Transferencia,1
1684,1684,Tarjeta,6
1685,1685,Transferencia,1
1686,1686,Tarjeta,6
1687,1687,Tarjeta,1
1688,1688,Transferencia,3
1689,1689,Tarjeta,12
1690,1690,Tarjeta,1
1691,1691,Tarjeta,1
1692,1692,Tarjeta,1
1693,1693,Tarjeta,1
1694,1694,Tarjeta,12
1695,1695,Transferencia,6
1696,1696,PayPal,1
1697,1697,Tarjeta,1
1698,1698,Tarjeta,1
1699,1699,Tarjeta,1
1700,1700,PayPal,1
1701,1701,Tarjeta,1
1702,1702,PayPal,1
1703,1703,PayPal,12
1704,1704,PayPal,6
1705,1705,Tarjeta,3
1706,1706,Transferencia,1
1707,1707,Transferencia,1
1708,1708,PayPal,3
1709,1709,Tarjeta,3
1710,1710,Tarjeta,6
1711,1711,Tarjeta,1
1712,1712,OXXO,1
1713,1713,Transferencia,3
1714,1714,Transferencia,1
1715,1715,Transferencia,3
1716,1716,Tarjeta,1
1717,1717,PayPal,1
1718,1718,Tarjeta,3
1719,1719,Tarjeta,6
1720,1720,Tarjeta,3
1721,1721,Tarjeta,1
1722,1722,OXXO,6
1723,1723,Transferencia,6
1724,1724,Tarjeta,1
1725,1725,Tarjeta,1
1726,1726,Transferencia,1
1727,1727,Tarjeta,1
1728,1728,PayPal,1
1729,1729,Tarjeta,1
1730,1730,Tarjeta,3
1731,1731,Tarjeta,1
1732,1732,PayPal,6
1733,1733,OXXO,1
1734,1734,Tarjeta,1
1735,1735,Tarjeta,1
1736,1736,PayPal,1
1737,1737,Tarjeta,1
1738,1738,Transferencia,3
1739,1739,Transferencia,3
1740,1740,PayPal,1
1741,1741,Transferencia,1
1742,1742,Transferencia,1
1743,1743,PayPal,1
1744,1744,Tarjeta,6
1745,1745,Tarjeta,6
1746,1746,Transferencia,1
1747,1747,Transferencia,1
1748,1748,PayPal,6
1749,1749,PayPal,6
1750,1750,Tarjeta,6
1751,1751,Tarjeta,1
1752,1752,PayPal,1
1753,1753,Tarjeta,1
1754,1754,Tarjeta,1
1755,1755,Tarjeta,1
1756,1756,Tarjeta,3
1757,1757,Tarjeta,1
1758,1758,Tarjeta,1
1759,1759,Transferencia,1
1760,1760,OXXO,6
1761,1761,Tarjeta,6
1762,1762,PayPal,12
1763,1763,Transferencia,1
1764,1764,OXXO,1
1765,1765,PayPal,1
1766,1766,Tarjeta,1
1767,1767,Transferencia,3
1768,1768,PayPal,3
1769,1769,Tarjeta,1
1770,1770,Transferencia,1
1771,1771,Tarjeta,1
1772,1772,Tarjeta,1
1773,1773,Tarjeta,1
1774,1774,Transferencia,1
1775,1775,Transferencia,1
1776,1776,Tarjeta,1
1777,1777,Tarjeta,6
1778,1778,Transferencia,6
1779,1779,Tarjeta,1
1780,1780,OXXO,1
1781,1781,Transferencia,3
1782,1782,Tarjeta,3
1783,1783,Transferencia,3
1784,1784,Transferencia,3
1785,1785,Transferencia,1
1786,1786,Tarjeta,3
1787,1787,Transferencia,1
1788,1788,PayPal,1
1789,1789,Tarjeta,1
1790,1790,OXXO,12
1791,1791,Tarjeta,12
1792,1792,OXXO,1
1793,1793,PayPal,1
1794,1794,Tarjeta,1
1795,1795,Transferencia,6
1796,1796,Transferencia,1
1797,1797,Tarjeta,1
1798,1798,Tarjeta,1
1799,1799,OXXO,3
1800,1800,PayPal,3
1801,1801,PayPal,1
1802,1802,PayPal,1
1803,1803,Tarjeta,1
1804,1804,Tarjeta,3
1805,1805,Transferencia,1
1806,1806,Tarjeta,6
1807,1807,PayPal,1
1808,1808,PayPal,3
1809,1809,Transferencia,6
1810,1810,Tarjeta,1
1811,1811,Tarjeta,1
1812,1812,Tarjeta,12
1813,1813,Tarjeta,1
1814,1814,Tarjeta,1
1815,1815,Tarjeta,1
1816,1816,Tarjeta,6
1817,1817,Tarjeta,1
1818,1818,PayPal,3
1819,1819,Tarjeta,1
1820,1820,PayPal,3
1821,1821,Transferencia,1
1822,1822,Tarjeta,1
1823,1823,Tarjeta,1
1824,1824,Tarjeta,1
1825,1825,Tarjeta,3
1826,1826,PayPal,1
1827,1827,Tarjeta,3
1828,1828,Transferencia,1
1829,1829,Tarjeta,6
1830,1830,Tarjeta,1
1831,1831,Tarjeta,3
1832,1832,Tarjeta,3
1833,1833,Tarjeta,1
1834,1834,Tarjeta,1
1835,1835,Tarjeta,3
1836,1836,Transferencia,1
1837,1837,Tarjeta,1
1838,1838,Tarjeta,6
1839,1839,Tarjeta,1
1840,1840,Transferencia,6
1841,1841,Tarjeta,1
1842,1842,OXXO,6
1843,1843,OXXO,3
1844,1844,PayPal,6
1845,1845,Tarjeta,3
1846,1846,Tarjeta,1
1847,1847,Transferencia,1
1848,1848,OXXO,1
1849,1849,Transferencia,3
1850,1850,PayPal,3
1851,1851,PayPal,1
1852,1852,Tarjeta,6
1853,1853,Tarjeta,1
1854,1854,Tarjeta,1
1855,1855,OXXO,3
1856,1856,PayPal,3
1857,1857,Tarjeta,1
1858,1858,Transferencia,6
1859,1859,OXXO,1
1860,1860,Tarjeta,6
1861,1861,Tarjeta,1
1862,1862,Tarjeta,1
1863,1863,Transferencia,1
1864,1864,Transferencia,1
1865,1865,Tarjeta,12
1866,1866,Tarjeta,1
1867,1867,Tarjeta,1
1868,1868,PayPal,3
1869,1869,PayPal,1
1870,1870,Tarjeta,6
1871,1871,Tarjeta,1
1872,1872,Tarjeta,1
1873,1873,Tarjeta,6
1874,1874,Tarjeta,1
1875,1875,Tarjeta,1
1876,1876,Transferencia,3
1877,1877,Transferencia,6
1878,1878,Tarjeta,1
1879,1879,Tarjeta,1
1880,1880,Tarjeta,6
1881,1881,OXXO,6
1882,1882,Transferencia,6
1883,1883,Transferencia,1
1884,1884,Tarjeta,1
1885,1885,Tarjeta,1
1886,1886,PayPal,1
1887,1887,Transferencia,1
1888,1888,Tarjeta,1
1889,1889,OXXO,3
1890,1890,Tarjeta,12
1891,1891,Tarjeta,1
1892,1892,Tarjeta,1
1893,1893,Tarjeta,1
1894,1894,PayPal,3
1895,1895,Tarjeta,1
1896,1896,Transferencia,3
1897,1897,Transferencia,3
1898,1898,Transferencia,6
1899,1899,Tarjeta,3
1900,1900,PayPal,6
1901,1901,Tarjeta,1
1902,1902,OXXO,12
1903,1903,Tarjeta,6
1904,1904,PayPal,3
1905,1905,Tarjeta,6
1906,1906,OXXO,1
1907,1907,Tarjeta,12
1908,1908,PayPal,1
1909,1909,Tarjeta,1
1910,1910,Transferencia,3
1911,1911,Tarjeta,6
1912,1912,Tarjeta,1
1913,1913,Tarjeta,1
1914,1914,OXXO,1
1915,1915,Tarjeta,6
1916,1916,Tarjeta,6
1917,1917,PayPal,1
1918,1918,Tarjeta,1
1919,1919,OXXO,1
1920,1920,PayPal,1
1921,1921,Transferencia,1
1922,1922,Tarjeta,1
1923,1923,Transferencia,1
1924,1924,Transferencia,1
1925,1925,PayPal,6
1926,1926,OXXO,1
1927,1927,Tarjeta,3
1928,1928,PayPal,3
1929,1929,Transferencia,1
1930,1930,Tarjeta,1
1931,1931,PayPal,3
1932,1932,PayPal,3
1933,1933,Tarjeta,1
1934,1934,Tarjeta,1
1935,1935,Transferencia,12
1936,1936,Tarjeta,1
1937,1937,PayPal,12
1938,1938,OXXO,1
1939,1939,Tarjeta,1
1940,1940,PayPal,1
1941,1941,Tarjeta,1
1942,1942,Transferencia,1
1943,1943,Tarjeta,12
1944,1944,Tarjeta,1
1945,1945,Transferencia,6
1946,1946,PayPal,6
1947,1947,Tarjeta,1
1948,1948,PayPal,1
1949,1949,Tarjeta,1
1950,1950,PayPal,1
1951,1951,Transferencia,1
1952,1952,Tarjeta,1
1953,1953,Transferencia,1
1954,1954,Tarjeta,1
1955,1955,PayPal,6
1956,1956,Transferencia,1
1957,1957,PayPal,1
1958,1958,Tarjeta,1
1959,1959,OXXO,1
1960,1960,Tarjeta,1
1961,1961,PayPal,1
1962,1962,Tarjeta,3
1963,1963,PayPal,1
1964,1964,Tarjeta,1
1965,1965,PayPal,1
1966,1966,Tarjeta,6
1967,1967,Tarjeta,3
1968,1968,Tarjeta,3
1969,1969,PayPal,1
1970,1970,PayPal,1
1971,1971,Tarjeta,1
1972,1972,Tarjeta,6
1973,1973,Tarjeta,1
1974,1974,Tarjeta,6
1975,1975,Tarjeta,6
1976,1976,OXXO,1
1977,1977,PayPal,1
1978,1978,PayPal,1
1979,1979,Transferencia,3
1980,1980,Tarjeta,1
1981,1981,PayPal,1
1982,1982,Tarjeta,6
1983,1983,Transferencia,3
1984,1984,Tarjeta,6
1985,1985,Tarjeta,1
1986,1986,PayPal,6
1987,1987,Tarjeta,1
1988,1988,Tarjeta,1
1989,1989,PayPal,1
1990,1990,Tarjeta,3
1991,1991,Transferencia,1
1992,1992,Tarjeta,1
1993,1993,Transferencia,1
1994,1994,PayPal,6
1995,1995,Tarjeta,1
1996,1996,Transferencia,1
1997,1997,Tarjeta,1
1998,1998,PayPal,12
1999,1999,Tarjeta,1
2000,2000,Tarjeta,3
